﻿<?xml version="1.0" encoding="UTF-8" standalone="yes"?>
<addon id="Ninbora.Series_Feeder" name="Ninbora.Series_Feeder" version="1.0.1" provider-name="Ninbora">
  <requires>
    <import addon="xbmc.python" version="2.1.0"/>
  </requires>
  <extension point="xbmc.python.pluginsource" library="main.py">
    <provides>executable</provides>
  </extension>
  <extension point="xbmc.service" library="service.py" start="startup"></extension>
  <extension point="xbmc.addon.metadata">
    <summary lang="en">Load Genesis/Pulsar items of series to wall</summary>
    <summary lang="he">טוען פריטי Genesis/Pulsar של סדרות אל הקיר</summary>
    <description lang="en">Load Genesis/Pulsar items of series to wall</description>
    <description lang="he">טוען פריטי Genesis/Pulsar של סדרות אל הקיר</description>
    <website>https://www.github.com/ninbora</website>
    <platform>all</platform>
  </extension>
</addon>
